<?xml version="1.0" encoding="UTF-8"?>
<beans xmlns="http://www.springframework.org/schema/beans"
xmlns:xsi="http://www.w3.org/2001/XMLSchema-instance"
xmlns:mvc="http://www.springframework.org/schema/mvc"
xmlns:context="http://www.springframework.org/schema/context"
xsi:schemaLocation="http://www.springframework.org/schema/beans
http://www.springframework.org/schema/beans/spring-beans.xsd
http://www.springframework.org/schema/context
http://www.springframework.org/schema/context/spring-context-3.0.xsd
http://www.springframework.org/schema/mvc
http://www.springframework.org/schema/mvc/spring-mvc.xsd"> <!-- default-init-method="init2" -->
<context:component-scan base-package="com.java.controller,com.java.dao"/>

<mvc:annotation-driven/>

<bean id="viewResolver" class="org.springframework.web.servlet.view.InternalResourceViewResolver">
<property name="suffix"><value>.jsp</value></property>
<property name="prefix"><value>/WEB-INF/</value></property>
</bean>


<!-- CREATING OBJECT OF THE DATA SOURCE (MySQL in our case)-->

<bean name="ds" class="org.apache.tomcat.dbcp.dbcp.BasicDataSource">
 <property name="url" value="jdbc:mysql://localhost:3306/mysql"/>
    <property name="username" value="root"/>
   <property name="password" value="root"/>
   <property name="driverClassName" value="com.mysql.jdbc.Driver"/>
   
   <!-- OPTIONAL PROPERTIES -->
   <property name="maxActive" value="20"/>
   <property name="maxIdle" value="10"/>
   <property name="maxWait" value="15"/>
</bean>



<!-- CREATING OBJECT OF SESSION FACTORY-->

<bean id="sf" 
class="org.springframework.orm.hibernate3.annotation.AnnotationSessionFactoryBean">
<!-- EMBEDDING DATA SOURCE TO YOUR SESSION FACTORY -->
<property name="dataSource" ref="ds"></property>
<property name="hibernateProperties">
<props>
<prop key="hibernate.dialect">org.hibernate.dialect.MySQLDialect</prop>
<prop key="hibernate.hbm2ddl.auto">create</prop>
<prop key="hibernate.show_sql">true</prop>
</props>
</property>

<!-- FOR MAPPING YOUR CLASSES TO YOUR DATABASE -->
<property name="annotatedClasses">
<list>
<value>com.java.components.Loginbean</value>
<value>com.java.components.Address</value>
</list>
</property>
</bean>


<!-- CREATING OBJECT OF HIBERNATE TEMPLATE CLASS-->

<bean name="ht" class="org.springframework.orm.hibernate3.HibernateTemplate">

<!-- EMBEDDING SESSION FACTORY INTO HIBERNATE TEMPLATE OBJECT -->
<property name="sessionFactory" ref="sf"/>
</bean>
</beans>


